,rental_id,building_id,rent,bedrooms,bathrooms,size_sqft,min_to_subway,floor,building_age_yrs,no_fee,has_roofdeck,has_washer_dryer,has_doorman,has_elevator,has_dishwasher,has_patio,has_gym,neighborhood,submarket,borough
2,10234,87632265,3000,3.0,1,1000,4,1.0,106,0,0,0,0,0,0,0,0,Astoria,Northwest Queens,Queens
6,10524,60898078,1950,1.0,1,950,1,3.0,83,0,0,0,0,0,0,0,0,Forest Hills,Central Queens,Queens
8,5465,73060494,3500,1.0,1,996,9,7.0,3,1,0,0,0,0,0,0,0,Astoria,Northwest Queens,Queens
21,5259,2540088,1725,1.0,1,800,1,2.0,89,0,0,0,0,0,0,0,0,Astoria,Northwest Queens,Queens
25,9736,5154242,1700,1.0,1,730,10,3.0,7,0,0,0,0,0,0,0,0,Briarwood,Northeast Queens,Queens
26,3833,41319561,2550,2.0,1,1000,4,3.0,20,1,0,0,0,0,0,0,0,Forest Hills,Central Queens,Queens
35,4315,91154087,2550,2.0,1,1081,2,3.0,65,1,0,0,0,0,0,0,0,Rego Park,Central Queens,Queens
59,3545,70847172,3100,1.0,1,787,6,3.0,9,1,1,0,1,1,0,1,0,Long Island City,Northwest Queens,Queens
61,5606,68186648,1399,0.0,1,580,8,1.0,13,0,0,0,0,0,0,0,0,Briarwood,Northeast Queens,Queens
80,1746,83371097,2275,0.0,1,481,3,27.0,16,1,0,0,0,0,0,0,0,Long Island City,Northwest Queens,Queens
102,10315,71689803,3400,3.0,2,1200,2,2.0,86,0,0,0,0,0,0,0,0,Astoria,Northwest Queens,Queens
107,8385,8217653,2695,1.0,1,875,8,15.0,56,1,0,0,0,0,0,0,0,Forest Hills,Central Queens,Queens
109,3257,13753727,4275,2.0,2,913,6,16.0,0,1,0,0,0,0,0,0,0,Long Island City,Northwest Queens,Queens
120,194,81896419,2000,2.0,1,1000,7,3.0,76,0,0,0,0,0,0,0,0,Forest Hills,Central Queens,Queens
121,9386,9968115,2200,1.0,1,886,8,4.0,58,1,0,0,0,0,0,0,0,Sunnyside,Northwest Queens,Queens
122,10593,18737355,2400,2.0,1,825,11,2.0,88,0,0,0,0,0,0,0,0,Astoria,Northwest Queens,Queens
147,8402,58994300,1850,1.0,1,1000,2,1.0,11,0,0,0,0,0,0,0,0,Astoria,Northwest Queens,Queens
153,987,39809462,1600,0.0,1,600,3,5.0,65,0,0,0,0,0,0,0,0,Jackson Heights,Central Queens,Queens
187,6861,47903202,2025,2.0,1,891,6,2.0,54,1,0,0,0,0,0,0,0,Kew Gardens,Northeast Queens,Queens
197,10963,60837572,1900,1.0,1,900,3,7.0,61,1,0,0,0,0,0,0,0,Elmhurst,Central Queens,Queens
203,6743,66130763,2200,1.0,1,665,27,4.0,12,1,0,0,0,0,0,0,0,Kew Gardens Hills,Northeast Queens,Queens
214,8457,57263590,2000,1.0,1,482,8,4.0,86,0,0,0,0,0,0,0,0,Corona,Central Queens,Queens
216,2334,73478502,3295,2.0,2,1368,3,3.0,7,0,0,0,0,0,0,0,0,Astoria,Northwest Queens,Queens
217,5844,71772648,2350,1.0,1,600,5,6.0,12,0,0,0,0,0,0,0,0,Astoria,Northwest Queens,Queens
222,6754,30171847,3450,1.0,1,888,2,6.0,8,0,0,1,1,1,1,0,1,Long Island City,Northwest Queens,Queens
261,9307,58867322,1450,1.0,1,700,8,3.0,92,0,0,0,0,0,0,0,0,Richmond Hill,South Queens,Queens
269,3516,7860298,1975,1.0,1,700,43,20.0,42,0,0,0,0,0,0,0,0,Kew Gardens,Northeast Queens,Queens
295,3768,11594680,2995,3.0,2,1360,4,1.5,71,0,0,0,0,0,0,0,0,Briarwood,Northeast Queens,Queens
303,7439,6584016,2900,3.0,1,1200,10,2.0,96,0,0,0,0,0,0,0,0,Astoria,Northwest Queens,Queens
306,5133,95553706,2000,1.0,1,750,9,5.0,15,0,0,1,0,0,1,0,0,Kew Gardens,Northeast Queens,Queens
312,8317,98049753,1495,0.0,1,550,2,1.0,91,0,0,0,0,0,0,0,0,Rego Park,Central Queens,Queens
318,10885,73060494,3400,1.0,1,1000,9,7.0,3,1,0,0,0,0,0,0,0,Astoria,Northwest Queens,Queens
320,3253,13753727,3000,1.0,1,630,6,20.0,0,1,0,0,0,0,0,0,0,Long Island City,Northwest Queens,Queens
322,6838,73060494,2535,1.0,1,570,9,5.0,3,1,0,0,0,0,0,0,0,Astoria,Northwest Queens,Queens
346,9816,73060494,2945,1.0,1,940,9,1.0,3,1,0,0,0,0,0,0,0,Astoria,Northwest Queens,Queens
352,10312,89178144,1900,1.0,1,678,5,4.0,64,1,0,0,0,0,0,0,0,Rego Park,Central Queens,Queens
354,6623,43392734,2450,2.0,2,1200,10,2.0,76,0,0,0,0,0,0,0,0,Kew Gardens,Northeast Queens,Queens
364,4281,6383223,1700,1.0,1,575,12,3.0,16,0,0,0,0,0,0,0,0,Astoria,Northwest Queens,Queens
377,3369,72335059,1995,1.0,1,600,14,1.0,68,0,0,0,0,0,0,0,0,Astoria,Northwest Queens,Queens
380,9365,75433258,1800,1.0,1,700,1,3.0,87,0,0,0,0,0,0,0,0,Astoria,Northwest Queens,Queens
397,4975,67572187,1600,0.0,1,490,3,1.0,66,1,0,0,0,0,0,0,0,Rego Park,Central Queens,Queens
401,8545,1449174,1835,1.0,1,600,4,10.0,86,1,0,0,0,0,0,0,0,Sunnyside,Northwest Queens,Queens
407,5208,98220656,1625,1.0,1,815,4,7.0,52,0,0,0,0,0,0,0,0,Jamaica Estates,South Queens,Queens
426,11320,70847172,3450,1.0,1,800,6,9.0,9,1,0,1,1,1,0,0,0,Long Island City,Northwest Queens,Queens
430,4997,51620973,1625,1.0,1,620,18,4.0,85,1,0,0,0,0,0,0,0,Queens Village,South Queens,Queens
441,5614,13753727,3275,1.0,1,630,6,15.0,0,1,0,0,0,0,0,0,0,Long Island City,Northwest Queens,Queens
452,7546,39477811,2500,1.0,1,700,15,4.0,116,0,0,1,1,1,0,0,0,Astoria,Northwest Queens,Queens
455,2928,76717231,3410,1.0,1,759,6,5.0,3,1,0,0,0,0,0,0,0,Long Island City,Northwest Queens,Queens
485,3374,93129760,1650,1.0,1,750,4,1.0,90,0,0,0,0,0,0,0,0,Woodhaven,South Queens,Queens
493,86,8338549,2050,0.0,1,500,11,6.0,3,1,0,0,0,0,0,0,0,Astoria,Northwest Queens,Queens
499,6547,5244556,1850,2.0,1,900,3,3.0,86,0,0,0,0,0,0,0,0,Ridgewood,Central Queens,Queens
504,9693,23781472,2295,1.0,1,863,11,3.0,8,0,0,0,0,0,0,0,0,Astoria,Northwest Queens,Queens
514,8969,69966305,1700,1.0,1,550,2,27.0,87,0,0,0,0,0,0,0,0,Sunnyside,Northwest Queens,Queens
530,7009,73060494,2595,1.0,1,752,9,1.0,3,1,0,0,0,0,0,0,0,Astoria,Northwest Queens,Queens
531,8534,71151235,2695,2.0,1,800,10,1.0,94,1,0,0,0,0,0,0,0,Astoria,Northwest Queens,Queens
542,9005,81008961,1550,1.0,1,710,4,2.0,21,0,0,0,0,0,0,0,0,Rego Park,Central Queens,Queens
544,6303,73060494,2550,1.0,1,650,9,3.0,3,1,0,0,0,0,0,0,0,Astoria,Northwest Queens,Queens
554,4787,40556781,3300,1.0,1,787,43,4.0,5,0,0,0,1,0,0,0,0,Long Island City,Northwest Queens,Queens
555,5616,13753727,2955,1.0,1,630,6,16.0,0,1,0,0,0,0,0,0,0,Long Island City,Northwest Queens,Queens
566,7371,69721022,1575,1.0,1,770,1,3.0,60,0,0,0,0,0,0,0,0,Jamaica Estates,South Queens,Queens
572,7883,80967482,3795,2.0,2,911,1,3.0,85,0,0,0,1,1,1,0,0,Long Island City,Northwest Queens,Queens
589,5779,56449159,2550,1.0,1,750,3,16.0,6,0,0,0,0,0,0,0,0,Flushing,Northeast Queens,Queens
613,2815,86716415,2750,2.0,2,1000,6,1.0,116,0,0,0,0,0,0,0,0,Astoria,Northwest Queens,Queens
617,1969,73060494,2825,1.0,1,651,9,6.0,3,1,0,0,0,0,0,0,0,Astoria,Northwest Queens,Queens
619,1094,8030945,2995,1.0,1,700,2,2.0,9,1,1,1,0,0,1,0,1,Long Island City,Northwest Queens,Queens
625,6803,12249740,2550,2.0,1,985,9,3.0,85,0,0,0,0,0,0,1,0,Sunnyside,Northwest Queens,Queens
632,3823,45227324,2650,0.0,1,518,6,3.0,85,1,0,0,0,0,0,0,0,Long Island City,Northwest Queens,Queens
633,8687,43661513,2395,1.0,1,700,4,3.0,9,0,0,0,0,0,0,0,0,Astoria,Northwest Queens,Queens
646,7982,66130763,1741,0.0,1,487,27,4.0,12,1,0,0,0,0,0,0,0,Kew Gardens Hills,Northeast Queens,Queens
659,9416,85121161,4850,2.0,2,1225,2,8.0,96,0,0,0,0,0,0,0,0,Long Island City,Northwest Queens,Queens
661,2639,97910181,1950,1.0,1,850,7,3.0,61,0,0,0,0,0,0,0,0,Sunnyside,Northwest Queens,Queens
665,1107,76832199,2650,1.0,1,985,5,5.0,71,0,0,0,0,0,0,0,0,Rego Park,Central Queens,Queens
698,8909,60898078,1950,1.0,1,950,1,3.0,83,0,0,0,0,0,0,0,0,Forest Hills,Central Queens,Queens
731,5059,91033682,2150,1.0,1,800,3,3.0,80,0,0,0,0,0,0,0,0,Sunnyside,Northwest Queens,Queens
739,1970,73060494,3500,1.0,1,988,9,7.0,3,1,0,0,0,0,0,0,0,Astoria,Northwest Queens,Queens
741,8863,13243732,1465,1.0,1,470,2,2.0,85,0,0,0,0,0,0,0,0,Sunnyside,Northwest Queens,Queens
744,5810,26379046,2300,2.0,1,1020,5,1.0,65,0,0,0,0,0,0,0,0,Kew Gardens,Northeast Queens,Queens
746,9643,33076545,2100,1.0,1,500,2,3.0,86,0,0,0,0,0,0,0,0,Astoria,Northwest Queens,Queens
763,9047,41319561,3700,3.0,2,1600,4,4.0,20,1,0,0,0,0,0,0,0,Forest Hills,Central Queens,Queens
766,3185,83371097,2870,1.0,1,673,3,24.0,16,1,0,0,0,0,0,0,0,Long Island City,Northwest Queens,Queens
767,8025,73060494,2395,1.0,1,600,9,2.0,3,1,0,0,0,0,0,0,0,Astoria,Northwest Queens,Queens
769,409,68884733,4199,4.0,3,1500,2,1.0,86,1,0,0,0,0,0,0,0,Ridgewood,Central Queens,Queens
779,1220,36367926,3200,4.0,1,1260,1,1.0,86,1,0,0,0,0,0,0,0,Ridgewood,Central Queens,Queens
792,5458,73060494,2395,1.0,1,700,9,3.0,3,1,0,0,0,0,0,0,0,Astoria,Northwest Queens,Queens
805,8235,15244377,1700,1.0,1,600,17,14.0,20,1,0,0,0,0,0,0,0,Forest Hills,Central Queens,Queens
808,3834,53000616,5700,2.0,2,1194,1,7.0,6,0,1,1,1,1,0,1,1,Long Island City,Northwest Queens,Queens
829,4342,39133125,4100,2.0,2,1202,2,3.0,4,1,0,0,1,1,0,0,1,Long Island City,Northwest Queens,Queens
841,11009,64083931,1600,1.0,1,650,0,3.0,95,1,0,0,0,0,0,0,0,Ridgewood,Central Queens,Queens
845,5650,13753727,4475,2.0,2,953,6,19.0,0,1,0,0,0,0,0,0,0,Long Island City,Northwest Queens,Queens
852,1971,73060494,3500,1.0,1,996,9,7.0,3,1,0,0,0,0,0,0,0,Astoria,Northwest Queens,Queens
866,9437,18351112,1900,2.0,1,900,2,3.0,16,0,0,0,0,0,0,0,0,Forest Hills,Central Queens,Queens
907,5944,22666785,2495,3.0,1,1400,2,1.0,13,0,0,0,0,0,0,0,0,Forest Hills,Central Queens,Queens
912,10311,99987207,2350,2.0,1,1073,14,3.0,61,1,0,0,0,0,0,0,0,Forest Hills,Central Queens,Queens
914,7764,40040852,2000,1.0,1,708,10,2.0,55,1,0,0,0,0,0,0,0,Sunnyside,Northwest Queens,Queens
928,5185,34046696,2700,1.0,1,720,9,7.0,4,0,0,0,0,0,0,0,0,Astoria,Northwest Queens,Queens
978,10846,36652725,2300,2.0,1,800,5,1.0,91,0,0,0,0,0,0,0,0,Astoria,Northwest Queens,Queens
986,4311,80242060,1550,0.0,1,350,1,1.0,86,0,0,0,0,0,0,0,0,Sunnyside,Northwest Queens,Queens
991,9084,3763388,2950,0.0,1,552,5,12.0,4,1,0,0,0,0,0,0,0,Long Island City,Northwest Queens,Queens
999,4902,69721022,1250,0.0,1,410,1,3.0,60,0,0,0,0,0,0,0,0,Jamaica Estates,South Queens,Queens
1003,7575,92325053,3500,1.0,1,1178,2,5.0,96,1,0,0,1,1,0,0,1,Long Island City,Northwest Queens,Queens
1005,4333,12249740,2550,2.0,1,975,9,4.0,85,0,0,0,0,0,0,0,0,Sunnyside,Northwest Queens,Queens
1007,9318,33994391,4450,2.0,2,1050,3,29.0,20,0,1,0,0,0,1,0,0,Long Island City,Northwest Queens,Queens
1050,5617,13753727,5575,3.0,2,1023,6,14.0,0,1,0,0,0,0,0,0,0,Long Island City,Northwest Queens,Queens
1094,4995,48082172,2795,2.0,2,1126,8,3.0,93,0,1,0,1,1,0,0,1,Kew Gardens,Northeast Queens,Queens
1104,11004,28174674,1825,1.0,1,680,13,2.0,52,1,0,0,0,0,0,0,0,Jackson Heights,Central Queens,Queens
1105,7250,63431782,2225,2.0,1,750,5,2.0,85,0,0,0,0,0,0,0,0,Astoria,Northwest Queens,Queens
1118,2006,31244061,2950,1.0,1,850,3,1.0,6,0,0,0,0,0,0,0,0,Flushing,Northeast Queens,Queens
1123,7452,72514135,1590,1.0,1,700,7,5.0,51,0,0,0,0,0,0,0,0,Woodside,Central Queens,Queens
1127,7786,4096152,2050,2.0,1,900,16,2.0,75,0,0,0,0,0,0,0,0,Astoria,Northwest Queens,Queens
1140,2980,13488210,2800,2.0,1,1100,43,2.0,7,0,0,0,0,0,0,0,0,Astoria,Northwest Queens,Queens
1144,2177,76832199,2600,1.0,1,1031,5,2.0,71,0,0,0,0,0,0,0,0,Rego Park,Central Queens,Queens
1148,10619,24218678,2700,2.0,1,800,8,1.0,86,0,0,0,0,0,0,0,0,Astoria,Northwest Queens,Queens
1206,3213,13753727,4085,2.0,2,913,6,19.0,0,1,0,0,0,0,0,0,0,Long Island City,Northwest Queens,Queens
1225,4218,16233344,2200,0.0,1,600,3,3.0,88,0,0,0,0,0,0,0,0,Long Island City,Northwest Queens,Queens
1244,11256,66130763,2498,2.0,1,784,27,5.0,12,1,0,0,0,0,0,0,0,Kew Gardens Hills,Northeast Queens,Queens
1245,248,58358357,2650,0.0,1,550,9,25.0,2,1,0,0,0,0,0,0,0,Long Island City,Northwest Queens,Queens
1253,6222,90878438,1450,1.0,1,575,1,7.0,61,0,0,0,0,0,0,0,0,Jamaica Estates,South Queens,Queens
1258,8003,13753727,3325,1.0,1,629,6,16.0,0,1,0,0,0,0,0,0,0,Long Island City,Northwest Queens,Queens
1283,8766,22592053,1500,1.0,1,650,3,4.0,86,0,0,0,0,0,0,0,0,Ridgewood,Central Queens,Queens
1284,9690,24218678,2750,2.0,1,800,8,1.0,86,0,0,0,0,0,0,0,0,Astoria,Northwest Queens,Queens
1288,10731,93245382,2745,1.0,1,700,1,6.0,2,1,0,0,0,0,0,0,0,Forest Hills,Central Queens,Queens
1292,3364,13753727,3911,2.0,2,913,6,18.0,0,1,0,0,0,0,0,0,0,Long Island City,Northwest Queens,Queens
1295,8354,73060494,2535,1.0,1,615,9,5.0,3,1,0,0,0,0,0,0,0,Astoria,Northwest Queens,Queens
1300,5566,51540588,2250,2.0,1,750,5,2.0,92,0,0,0,0,0,0,0,0,Astoria,Northwest Queens,Queens
1311,2430,97864859,1350,0.0,1,450,8,4.0,54,0,0,0,1,0,0,0,0,Elmhurst,Central Queens,Queens
1319,3186,83371097,2907,1.0,1,706,3,5.0,16,1,0,0,0,0,0,0,0,Long Island City,Northwest Queens,Queens
1321,5257,65804117,2550,2.0,2,850,7,2.0,86,0,0,0,0,0,0,0,0,Astoria,Northwest Queens,Queens
1338,4559,68756974,1950,1.0,1,715,10,1.0,84,1,1,0,1,1,1,1,1,Kew Gardens,Northeast Queens,Queens
1380,8928,20789601,2800,1.0,1,640,2,11.0,9,0,0,0,0,0,1,0,0,Long Island City,Northwest Queens,Queens
1381,5985,42645153,3400,2.0,2,1400,4,3.0,22,0,0,0,0,0,0,0,0,Astoria,Northwest Queens,Queens
1384,10961,71261679,2400,2.0,1,969,3,2.0,75,1,0,0,0,0,0,0,0,Rego Park,Central Queens,Queens
1408,8776,50518851,1400,0.0,1,600,7,3.0,89,0,0,0,0,0,0,0,0,Kew Gardens,Northeast Queens,Queens
1413,11154,28415071,1725,1.0,1,720,2,2.0,14,0,0,0,0,0,0,0,0,Forest Hills,Central Queens,Queens
1416,4382,36968380,2800,2.0,2,1000,9,1.0,101,1,0,0,0,0,0,0,0,Astoria,Northwest Queens,Queens
1427,7149,80149452,1700,1.5,1,600,3,2.0,86,0,0,0,0,0,0,0,0,Ridgewood,Central Queens,Queens
1428,7282,40556781,2275,0.0,1,500,43,5.0,5,0,0,0,1,0,0,0,0,Long Island City,Northwest Queens,Queens
1447,8520,99664681,2600,1.0,1,705,6,2.0,8,0,0,0,0,0,1,0,0,Astoria,Northwest Queens,Queens
1453,325,16233344,2500,2.0,1,680,3,11.0,88,0,0,0,0,0,0,0,0,Long Island City,Northwest Queens,Queens
1530,3636,61943887,2000,1.0,1,650,3,6.0,85,0,0,0,0,0,0,0,0,Astoria,Northwest Queens,Queens
1537,6571,49653888,3800,2.0,0,1047,10,12.0,6,1,0,0,0,0,0,0,0,Astoria,Northwest Queens,Queens
1559,1952,76717231,3160,1.0,1,721,6,20.0,3,0,0,0,0,0,0,0,0,Long Island City,Northwest Queens,Queens
1579,11166,8217653,2650,1.0,1,875,8,16.0,56,1,1,1,0,1,1,0,0,Forest Hills,Central Queens,Queens
1602,112,90688317,1750,1.0,1,720,2,2.0,15,0,1,0,1,1,1,0,0,Forest Hills,Central Queens,Queens
1638,2399,10606754,2000,1.0,1,900,4,3.0,70,0,0,0,0,0,0,0,0,Rego Park,Central Queens,Queens
1642,10793,31096071,1750,1.0,1,685,17,3.0,57,1,0,0,0,0,0,0,0,Flushing,Northeast Queens,Queens
1650,9038,50196965,1750,1.0,1,850,3,4.0,75,0,0,0,0,0,0,0,0,Rego Park,Central Queens,Queens
1661,10628,60992537,1995,2.0,1,850,37,5.0,53,1,0,0,0,0,0,0,0,Queens Village,South Queens,Queens
1663,6697,10442003,1550,1.0,1,600,3,2.0,87,0,0,0,0,0,0,0,0,Sunnyside,Northwest Queens,Queens
1671,5278,49653888,3300,2.0,1,858,10,6.0,6,1,0,0,0,0,0,0,0,Astoria,Northwest Queens,Queens
1673,10889,42905347,2200,2.0,2,1200,1,2.0,76,0,0,0,0,0,0,0,0,Rego Park,Central Queens,Queens
1683,5648,73060494,2535,1.0,1,575,9,5.0,3,1,0,0,0,0,0,0,0,Astoria,Northwest Queens,Queens
1687,10612,691509,2300,0.0,1,484,5,6.0,10,0,1,0,0,0,1,0,0,Long Island City,Northwest Queens,Queens
1694,9419,83371097,3139,1.0,1,706,3,18.0,16,1,0,0,0,0,0,0,0,Long Island City,Northwest Queens,Queens
1696,5894,15728012,1950,1.0,1,480,10,2.0,1,1,0,0,0,0,0,0,0,Ridgewood,Central Queens,Queens
1700,6948,317293,1925,0.0,1,460,2,1.0,9,0,0,0,0,0,1,1,0,Astoria,Northwest Queens,Queens
1710,8183,6338629,1650,1.0,1,750,4,1.0,20,0,0,0,0,0,0,0,0,Kew Gardens,Northeast Queens,Queens
1713,4246,37874147,2350,2.0,2,850,10,2.0,9,1,0,0,0,0,0,0,0,Ridgewood,Central Queens,Queens
1725,5865,72882049,2600,2.0,1,1000,3,6.0,13,1,0,0,0,0,0,0,0,Forest Hills,Central Queens,Queens
1726,10343,54063845,1800,1.0,1,800,12,3.0,65,0,0,0,0,0,0,0,0,Jackson Heights,Central Queens,Queens
1754,2011,52191490,1475,0.0,1,448,12,3.0,60,1,1,0,1,1,1,0,1,Forest Hills,Central Queens,Queens
1756,5895,24692593,3300,1.0,1,762,10,7.0,8,1,1,0,1,1,0,0,1,Long Island City,Northwest Queens,Queens
1785,9876,66130763,2200,1.0,1,665,27,4.0,12,1,0,0,0,0,0,0,0,Kew Gardens Hills,Northeast Queens,Queens
1792,8260,80242060,1475,0.0,0,380,1,3.0,86,0,0,0,0,0,0,0,0,Sunnyside,Northwest Queens,Queens
1805,8164,73060494,3495,1.0,1,985,9,7.0,3,1,0,0,0,0,0,0,0,Astoria,Northwest Queens,Queens
1809,3204,13753727,3000,1.0,1,629,6,19.0,0,1,0,0,0,0,0,0,0,Long Island City,Northwest Queens,Queens
1822,6380,37873879,2200,1.0,1,487,3,4.0,6,1,0,0,0,0,0,0,0,Long Island City,Northwest Queens,Queens
1839,3853,33994391,3200,1.0,1,875,3,10.0,20,0,0,0,0,0,0,0,0,Long Island City,Northwest Queens,Queens
1869,8684,62661588,1850,1.0,1,550,2,2.0,98,0,0,0,0,0,0,0,0,Astoria,Northwest Queens,Queens
1871,1968,73060494,2800,1.0,1,591,9,6.0,3,1,0,0,0,0,0,0,0,Astoria,Northwest Queens,Queens
1882,1965,73060494,2650,1.0,1,648,9,5.0,3,1,0,0,0,0,0,0,0,Astoria,Northwest Queens,Queens
1910,7413,86450795,2350,2.0,2,1250,8,5.0,54,0,0,0,0,0,0,0,0,Rego Park,Central Queens,Queens
1912,9390,89973581,1650,1.0,1,809,18,1.0,53,1,0,0,1,0,0,0,0,Flushing,Northeast Queens,Queens
1919,4755,34912094,1600,0.0,1,650,12,1.0,60,1,0,1,0,0,0,0,0,Kew Gardens,Northeast Queens,Queens
1938,4096,15165658,1650,1.0,1,820,2,3.0,87,0,0,0,0,0,0,0,0,Sunnyside,Northwest Queens,Queens
1948,2646,64067963,1500,1.0,1,621,6,4.0,13,0,0,0,0,0,0,0,0,Briarwood,Northeast Queens,Queens
1958,8454,74543624,3950,2.0,2,1100,6,6.0,2,0,0,0,0,0,0,0,0,Long Island City,Northwest Queens,Queens
1962,5605,22922098,1625,0.0,1,550,2,4.0,74,0,0,0,0,0,0,0,0,Sunnyside,Northwest Queens,Queens
1968,9382,3496680,1800,0.0,1,588,5,8.0,56,1,0,0,0,0,0,0,0,Rego Park,Central Queens,Queens
1978,839,28415071,2175,2.0,2,1000,2,4.0,14,0,0,0,0,0,0,0,0,Forest Hills,Central Queens,Queens
2000,629,29311550,3350,1.0,1,600,4,7.0,86,1,0,0,0,0,0,0,0,Long Island City,Northwest Queens,Queens
2010,4158,87487057,2950,3.0,2,1413,2,4.0,68,0,0,0,0,0,0,0,0,Rego Park,Central Queens,Queens
2021,3009,13189087,2499,3.0,1,800,10,1.0,88,0,0,0,0,0,0,0,0,Astoria,Northwest Queens,Queens
2060,3903,79476744,1800,1.0,1,850,1,2.0,57,0,0,0,0,0,0,0,0,Forest Hills,Central Queens,Queens
2075,5754,13753727,3125,1.0,1,691,6,3.0,0,1,0,0,0,0,0,0,0,Long Island City,Northwest Queens,Queens
2081,5767,13753727,5350,3.0,2,1023,6,21.0,0,1,0,0,0,0,0,0,0,Long Island City,Northwest Queens,Queens
2087,8312,94554298,2550,3.0,1,900,11,2.0,88,0,0,0,0,0,0,0,0,Jackson Heights,Central Queens,Queens
2093,8360,51620973,1350,1.0,1,400,18,4.0,85,1,0,0,0,0,0,0,0,Queens Village,South Queens,Queens
2109,8461,9861523,2450,2.0,1,1111,3,5.0,62,0,0,0,0,0,0,0,0,Forest Hills,Central Queens,Queens
2111,2922,9695816,4500,2.0,2,1285,3,3.0,9,1,1,0,0,0,1,1,0,Long Island City,Northwest Queens,Queens
2116,8993,52635854,1450,1.0,1,550,20,4.0,85,0,0,0,0,0,0,0,0,Flushing,Northeast Queens,Queens
2130,5761,13753727,3911,2.0,2,913,6,18.0,0,1,0,0,0,0,0,0,0,Long Island City,Northwest Queens,Queens
2156,10246,63431782,1900,1.0,1,700,5,1.0,85,0,0,0,0,0,0,0,0,Astoria,Northwest Queens,Queens
2165,4724,9791650,1350,0.0,1,350,10,3.0,66,0,0,0,0,0,0,0,0,Jackson Heights,Central Queens,Queens
2167,8313,30652105,2850,3.0,1,900,11,2.0,52,0,0,0,0,0,0,0,0,Astoria,Northwest Queens,Queens
2174,10579,76665733,2600,1.0,1,812,6,1.0,61,0,0,0,0,0,0,0,0,Flushing,Northeast Queens,Queens
2185,9281,67572187,1550,0.0,1,449,3,3.0,66,1,0,0,0,0,0,0,0,Rego Park,Central Queens,Queens
2214,7017,73060494,2750,1.0,1,570,9,6.0,3,1,0,0,0,0,0,0,0,Astoria,Northwest Queens,Queens
2220,7226,16233344,2200,0.0,1,500,3,7.0,88,0,0,0,0,0,0,0,0,Long Island City,Northwest Queens,Queens
2234,5380,94537204,3300,4.0,1,1100,1,3.0,51,0,0,0,0,0,0,0,0,Elmhurst,Central Queens,Queens
2236,296,443527,3300,3.0,1,1000,2,4.0,3,0,0,0,0,0,0,0,0,Astoria,Northwest Queens,Queens
2240,6200,84712392,2200,2.0,2,800,2,1.0,86,0,0,0,0,0,0,0,0,Ridgewood,Central Queens,Queens
2262,828,45227324,2725,0.0,1,537,6,3.0,85,1,0,0,0,0,0,0,0,Long Island City,Northwest Queens,Queens
2289,1911,2309068,2900,1.0,1,786,1,5.0,10,0,0,0,0,0,0,0,0,Long Island City,Northwest Queens,Queens
2291,7538,90062295,2550,2.0,1,700,9,2.0,15,0,0,0,0,0,0,0,0,Astoria,Northwest Queens,Queens
2301,1175,84618592,2700,1.0,1,699,14,7.0,9,1,1,0,0,0,0,0,0,Astoria,Northwest Queens,Queens
2302,5423,33648275,2200,1.0,1,1000,1,6.0,79,0,0,0,0,0,0,0,0,Forest Hills,Central Queens,Queens
2304,1773,83738982,2100,2.0,1,850,4,2.0,86,1,0,0,0,0,0,0,0,Ridgewood,Central Queens,Queens
2309,7763,40040852,1925,1.0,1,660,10,1.0,55,1,1,1,1,1,1,0,1,Sunnyside,Northwest Queens,Queens
2313,5705,13753727,3975,2.0,2,913,6,20.0,0,1,0,0,0,0,0,0,0,Long Island City,Northwest Queens,Queens
2320,5851,54574402,2195,1.0,1,700,5,3.0,51,0,0,0,0,0,0,0,0,Astoria,Northwest Queens,Queens
2321,6574,49653888,3200,2.0,1,858,10,3.0,6,1,0,0,0,0,0,0,0,Astoria,Northwest Queens,Queens
2323,5501,7530892,2250,2.0,1,780,5,4.0,92,0,0,0,0,0,0,0,0,Astoria,Northwest Queens,Queens
2330,6979,30171847,3400,1.0,1,890,2,5.0,8,0,0,1,1,1,1,0,1,Long Island City,Northwest Queens,Queens
2334,8956,50079271,3200,1.0,1,718,3,22.0,2,1,0,0,0,0,0,0,0,Long Island City,Northwest Queens,Queens
2342,3476,32752145,2600,2.0,2,1200,7,2.0,58,1,0,0,0,0,0,0,0,Flushing,Northeast Queens,Queens
2345,3183,37873879,2700,2.0,1,720,3,3.0,6,1,0,0,0,0,0,0,0,Long Island City,Northwest Queens,Queens
2347,10228,39133125,3150,1.0,1,761,2,7.0,4,1,1,0,0,1,0,0,0,Long Island City,Northwest Queens,Queens
2367,3201,13753727,2325,0.0,1,418,6,20.0,0,1,0,0,0,0,0,0,0,Long Island City,Northwest Queens,Queens
2380,8126,68507235,1999,3.0,1,1000,11,2.0,86,0,0,0,0,0,0,0,0,Glendale,Central Queens,Queens
2399,1957,73060494,2900,1.0,1,936,9,1.0,3,1,0,0,0,0,0,0,0,Astoria,Northwest Queens,Queens
2417,6731,87487057,1750,1.0,1,921,2,3.0,68,0,0,0,0,0,0,0,0,Rego Park,Central Queens,Queens
2438,4754,83371097,3117,1.0,1,702,3,7.0,16,1,0,0,0,0,0,0,0,Long Island City,Northwest Queens,Queens
2445,7449,41000851,1695,0.0,1,430,17,2.0,27,0,0,0,0,0,0,0,0,Astoria,Northwest Queens,Queens
2452,3153,70109859,1799,2.0,1,800,14,2.0,20,0,0,0,0,0,0,0,0,Astoria,Northwest Queens,Queens
2454,6629,26358092,1725,1.0,1,650,4,5.0,50,1,0,0,0,0,0,0,0,Briarwood,Northeast Queens,Queens
2468,2606,77099591,3475,2.0,2,964,6,25.0,1,1,0,0,0,0,0,0,0,Rego Park,Central Queens,Queens
2491,10109,53672146,1500,1.0,1,450,7,2.0,76,1,0,0,0,0,0,0,0,Ridgewood,Central Queens,Queens
2496,7970,54505659,1900,1.0,1,875,4,4.0,55,0,1,1,0,1,1,1,1,Forest Hills,Central Queens,Queens
2500,5284,16233344,2200,1.0,1,500,3,8.0,88,0,0,0,0,0,0,0,0,Long Island City,Northwest Queens,Queens
2505,5376,52635854,1450,1.0,1,525,20,3.0,85,0,0,0,0,0,0,0,0,Flushing,Northeast Queens,Queens
2518,10025,71292246,2895,3.0,1,1100,3,2.0,51,0,0,0,0,0,0,0,0,Astoria,Northwest Queens,Queens
2543,10719,33994391,3350,1.0,1,863,3,9.0,20,0,0,0,0,0,0,0,0,Long Island City,Northwest Queens,Queens
2550,6499,73060494,2625,1.0,1,625,9,5.0,3,1,0,0,0,0,0,0,0,Astoria,Northwest Queens,Queens
2557,5756,13753727,3225,1.0,1,710,6,8.0,0,1,0,0,0,0,0,0,0,Long Island City,Northwest Queens,Queens
2558,2132,41000851,2400,1.0,1,675,17,14.0,27,0,1,0,1,1,0,0,1,Astoria,Northwest Queens,Queens
2574,2608,77099591,2380,0.0,1,516,6,26.0,1,1,0,0,0,0,0,0,0,Rego Park,Central Queens,Queens
2584,6955,57495619,1605,0.0,1,486,6,12.0,57,1,0,0,0,0,0,0,0,Rego Park,Central Queens,Queens
2610,2647,65341662,2200,1.0,1,550,16,3.0,9,0,0,0,1,0,0,0,0,Astoria,Northwest Queens,Queens
2614,10795,8099882,1585,0.0,1,660,5,1.0,31,0,0,0,0,0,0,0,0,Rego Park,Central Queens,Queens
2626,8282,24100964,3750,3.0,2,1000,5,3.0,7,0,0,1,0,0,1,0,0,Astoria,Northwest Queens,Queens
2631,7830,64067963,1750,1.0,1,714,6,3.0,13,0,0,0,0,0,0,0,0,Briarwood,Northeast Queens,Queens
2633,3633,9855087,2000,1.0,1,618,2,3.0,96,0,0,0,0,0,0,0,0,Elmhurst,Central Queens,Queens
2642,10840,74248766,3000,3.0,1,900,8,2.0,85,0,0,0,0,0,0,0,0,Astoria,Northwest Queens,Queens
2648,5529,58358357,2950,1.0,1,718,9,4.0,2,1,0,0,0,0,0,0,0,Long Island City,Northwest Queens,Queens
2688,2498,86933292,1750,1.0,1,700,7,4.0,89,0,0,0,0,0,0,0,0,Astoria,Northwest Queens,Queens
2689,72,60867403,3250,1.0,1,652,1,4.0,0,1,0,0,0,0,0,0,0,Astoria,Northwest Queens,Queens
2702,10068,92818278,1900,1.0,1,700,4,1.0,81,0,0,0,0,0,0,0,0,Astoria,Northwest Queens,Queens
2707,6634,70395203,2600,2.0,1,1200,6,6.0,89,0,0,0,0,0,0,0,0,Astoria,Northwest Queens,Queens
2714,6834,16233344,2200,0.0,1,500,3,6.0,88,0,0,0,0,0,0,0,0,Long Island City,Northwest Queens,Queens
2725,8166,53666298,2800,1.0,1,854,6,4.0,16,1,0,0,0,0,0,1,0,Astoria,Northwest Queens,Queens
2733,5457,93616331,3600,2.0,1,2000,9,6.0,9,0,0,0,0,1,1,0,0,Astoria,Northwest Queens,Queens
2734,4314,91154087,1975,1.0,1,788,2,2.0,65,1,0,0,0,0,0,0,0,Rego Park,Central Queens,Queens
2738,7351,80112820,2250,2.0,1,1000,14,5.0,60,1,0,0,0,0,0,0,0,Flushing,Northeast Queens,Queens
2750,9427,73478502,2295,1.0,1,758,3,3.0,7,0,0,0,0,0,0,0,0,Astoria,Northwest Queens,Queens
2773,9634,98049681,1725,1.0,1,600,13,2.0,86,0,0,0,0,0,0,0,0,Astoria,Northwest Queens,Queens
2778,5578,67877448,3000,1.0,1,608,1,11.0,8,0,0,0,0,0,0,0,0,Long Island City,Northwest Queens,Queens
2832,6401,58994300,1850,1.0,1,700,2,4.0,11,0,0,0,0,0,0,0,0,Astoria,Northwest Queens,Queens
2843,9878,80285199,2575,1.0,1,750,6,2.0,89,0,0,0,0,0,0,0,0,Astoria,Northwest Queens,Queens
2844,708,55421573,8000,3.0,3,1800,2,1.0,16,0,0,0,0,0,0,0,0,Flushing,Northeast Queens,Queens
2855,4558,28415071,2175,2.0,2,1000,2,4.0,14,0,0,0,0,0,0,0,0,Forest Hills,Central Queens,Queens
2856,7787,92660267,2950,2.0,1,1200,8,5.0,69,1,0,0,0,0,0,0,0,Jackson Heights,Central Queens,Queens
2857,5378,73060494,2485,1.0,1,620,9,5.0,3,1,0,0,0,0,0,0,0,Astoria,Northwest Queens,Queens
2860,6795,51593269,1575,0.0,1,495,6,5.0,56,1,1,1,1,1,1,0,1,Kew Gardens,Northeast Queens,Queens
2862,3164,79652410,2100,1.0,1,900,5,2.0,77,0,0,0,0,0,0,0,0,Astoria,Northwest Queens,Queens
2868,5758,13753727,3175,1.0,1,627,6,13.0,0,1,0,0,0,0,0,0,0,Long Island City,Northwest Queens,Queens
2904,8578,45920676,2050,1.0,1,750,4,5.0,88,0,0,0,0,0,0,0,0,Sunnyside,Northwest Queens,Queens
2905,5479,92118601,1725,1.0,1,550,2,3.0,7,1,0,0,0,0,0,0,0,Sunnyside,Northwest Queens,Queens
2910,1956,3545723,2095,2.0,1,1000,3,6.0,77,0,0,1,0,0,0,0,0,Forest Hills,Central Queens,Queens
2912,10868,60114479,2300,1.0,1,800,3,2.0,85,0,0,0,0,0,0,0,0,Long Island City,Northwest Queens,Queens
2946,3765,83371097,3193,1.0,1,702,3,21.0,16,1,0,0,0,0,0,0,0,Long Island City,Northwest Queens,Queens
2950,1628,67285845,3575,2.0,2,933,43,9.0,8,0,0,0,0,0,0,0,0,Long Island City,Northwest Queens,Queens
2954,7379,80411085,2900,3.0,2,1200,16,3.0,11,0,0,0,0,0,0,0,0,Astoria,Northwest Queens,Queens
2980,1890,10606754,1625,0.0,1,500,4,3.0,70,0,0,0,0,0,0,0,0,Rego Park,Central Queens,Queens
2982,2533,40179056,2795,4.0,2,1000,11,2.0,96,0,0,0,0,0,0,0,0,South Richmond Hill,South Queens,Queens
3000,6796,11790470,1825,1.0,1,773,13,5.0,60,1,0,0,0,0,1,0,0,Forest Hills,Central Queens,Queens
3008,5132,19011765,1700,1.0,1,650,2,2.0,94,0,0,0,0,0,0,0,0,Astoria,Northwest Queens,Queens
3009,10310,51593269,2450,2.0,2,1183,6,4.0,56,1,1,0,1,1,1,0,1,Kew Gardens,Northeast Queens,Queens
3010,6316,71344937,1750,1.0,1,720,16,4.0,53,0,0,0,0,0,0,0,0,Forest Hills,Central Queens,Queens
3062,5860,83682850,2650,2.0,1,1000,1,1.0,85,0,0,0,0,0,0,0,0,Sunnyside,Northwest Queens,Queens
3065,8913,7557281,2000,2.0,1,1000,10,1.0,85,1,0,0,0,0,0,0,0,Ridgewood,Central Queens,Queens
3084,3252,13753727,3000,1.0,1,629,6,20.0,0,1,0,0,0,0,0,0,0,Long Island City,Northwest Queens,Queens
3089,7972,78283090,1750,1.0,1,830,3,2.0,80,0,0,0,0,0,0,0,0,Kew Gardens,Northeast Queens,Queens
3105,9333,60867403,2575,1.0,1,610,1,3.0,0,1,0,0,0,0,0,0,0,Astoria,Northwest Queens,Queens
3113,9642,61046899,2200,2.0,1,1000,4,3.0,88,0,0,0,0,0,0,0,0,Astoria,Northwest Queens,Queens
3114,9879,45227324,3450,1.0,1,629,6,3.0,85,1,0,0,0,0,0,0,0,Long Island City,Northwest Queens,Queens
3121,8962,24535441,1750,1.0,1,740,4,2.0,78,0,0,0,0,0,0,0,0,Rego Park,Central Queens,Queens
3131,7337,59608821,2100,1.0,1,750,7,5.0,64,1,1,1,1,1,1,0,0,Rego Park,Central Queens,Queens
3136,1577,83371097,2569,0.0,1,528,3,3.0,16,1,0,0,0,0,0,0,0,Long Island City,Northwest Queens,Queens
3141,8159,40496208,2200,1.0,1,850,4,5.0,56,0,0,0,0,0,0,0,0,Astoria,Northwest Queens,Queens
3157,3454,13753727,3125,1.0,1,691,6,6.0,0,1,0,0,0,0,0,0,0,Long Island City,Northwest Queens,Queens
3176,2983,98220656,1399,0.0,1,540,4,2.0,52,0,0,0,0,0,0,0,0,Jamaica Estates,South Queens,Queens
3181,9383,48995164,2750,2.0,2,998,1,2.0,55,1,0,0,0,0,0,0,0,Rego Park,Central Queens,Queens
3229,3353,32927675,1450,0.0,1,428,16,4.0,54,1,0,0,0,0,0,0,0,Flushing,Northeast Queens,Queens
3233,4914,97966642,4700,2.0,2,1230,2,1.0,6,1,0,0,0,0,0,0,0,Long Island City,Northwest Queens,Queens
3239,4209,10606754,1625,0.0,1,500,4,3.0,70,1,0,0,0,0,0,0,0,Rego Park,Central Queens,Queens
3240,1931,34912094,1950,1.0,1,925,12,2.0,60,1,0,1,0,0,0,0,0,Kew Gardens,Northeast Queens,Queens
3269,7633,58956505,2350,1.0,1,600,6,3.0,106,0,0,0,0,0,0,0,0,Astoria,Northwest Queens,Queens
3284,5088,75883686,1850,1.0,1,1000,4,3.0,75,0,0,0,0,0,0,0,0,Forest Hills,Central Queens,Queens
3287,8381,37392098,1850,1.0,1,875,4,2.0,85,0,0,0,0,0,0,0,0,Astoria,Northwest Queens,Queens
3293,8414,36322384,1900,1.0,1,700,2,9.0,90,0,0,1,0,0,1,0,0,Astoria,Northwest Queens,Queens
3304,3175,23781472,2350,1.0,1,936,11,3.0,8,0,0,0,0,0,0,0,0,Astoria,Northwest Queens,Queens
3308,6967,59417312,2000,2.0,1,750,10,2.0,86,0,0,0,0,0,0,0,0,Astoria,Northwest Queens,Queens
3318,3395,79675458,2500,2.0,1,700,2,2.0,86,0,0,0,0,0,0,0,0,Woodside,Central Queens,Queens
3321,10833,91861463,2050,1.0,1,800,5,1.0,77,0,0,0,0,0,0,0,0,Sunnyside,Northwest Queens,Queens
3342,10129,45573650,1650,1.0,1,875,8,5.0,84,0,0,0,0,0,0,0,0,Rockaway All,The Rockaways,Queens
3356,11037,37281007,1750,1.0,1,850,17,2.0,54,0,0,0,0,0,0,0,0,Flushing,Northeast Queens,Queens
3362,6403,96132283,2400,1.0,1,800,9,3.0,96,0,1,1,1,1,1,0,1,Astoria,Northwest Queens,Queens
3370,5755,13753727,3125,1.0,1,691,6,5.0,0,1,0,0,0,0,0,0,0,Long Island City,Northwest Queens,Queens
3380,6478,55805738,1625,1.0,1,865,5,5.0,54,0,0,0,0,0,0,0,0,Jamaica Hills,South Queens,Queens
3382,3256,13753727,3964,2.0,2,913,6,17.0,0,1,0,0,0,0,0,0,0,Long Island City,Northwest Queens,Queens
3405,6621,30171847,4000,2.0,2,1009,2,6.0,8,0,0,0,1,1,0,1,1,Long Island City,Northwest Queens,Queens
3409,2872,47416496,2350,2.0,1,1005,12,5.0,60,1,0,0,1,0,0,0,0,Forest Hills,Central Queens,Queens
3416,9978,23855349,2000,1.0,1,722,10,5.0,2,0,0,0,0,0,0,0,0,North Corona,Central Queens,Queens
3432,4352,47209351,1600,0.0,1,625,4,4.0,53,0,0,0,0,0,0,0,0,Elmhurst,Central Queens,Queens
3447,1599,13753727,2275,0.0,1,460,6,7.0,0,1,0,0,0,0,0,0,0,Long Island City,Northwest Queens,Queens
3457,1772,83738982,2100,2.0,1,850,4,2.0,86,1,0,0,0,0,0,0,0,Ridgewood,Central Queens,Queens
3468,4119,98472725,2095,1.0,1,700,2,5.0,53,0,0,0,0,0,0,0,0,Astoria,Northwest Queens,Queens
3482,7762,51593269,1950,1.0,1,915,6,12.0,56,1,0,0,0,0,0,0,0,Kew Gardens,Northeast Queens,Queens
3484,7839,80112820,2250,2.0,1,1100,14,2.0,60,0,0,1,1,1,1,1,1,Flushing,Northeast Queens,Queens
3515,4927,74712223,1895,1.0,1,680,4,1.0,85,0,0,0,0,0,0,0,0,Astoria,Northwest Queens,Queens
3523,7327,41006397,2000,2.0,1,1200,8,2.0,86,0,0,0,0,0,0,0,0,Kew Gardens,Northeast Queens,Queens
3538,1606,37392098,1975,2.0,1,950,4,2.0,85,0,0,0,0,0,0,0,0,Astoria,Northwest Queens,Queens
3565,3710,35225985,1700,1.0,1,1000,18,4.0,54,0,0,0,0,0,0,0,0,Flushing,Northeast Queens,Queens
3567,11159,81537688,2000,2.0,1,800,5,2.0,88,0,0,0,0,0,0,0,0,Sunnyside,Northwest Queens,Queens
3571,2984,5566203,1299,0.0,1,340,4,7.0,56,0,0,0,0,0,0,0,0,Briarwood,Northeast Queens,Queens
3598,3699,30171847,3300,1.0,1,830,2,11.0,8,0,0,0,0,1,0,0,0,Long Island City,Northwest Queens,Queens
3601,3260,13753727,3125,1.0,1,627,6,12.0,0,1,0,0,0,0,0,0,0,Long Island City,Northwest Queens,Queens
3603,10227,39133125,2650,0.0,1,487,2,11.0,4,1,1,1,1,1,1,0,1,Long Island City,Northwest Queens,Queens
3614,9051,1736684,2050,1.0,1,646,1,4.0,1,1,0,0,0,0,0,0,0,Elmhurst,Central Queens,Queens
3615,6783,92612747,2700,2.0,1,1000,3,2.0,92,0,0,0,0,0,0,0,0,Astoria,Northwest Queens,Queens
3622,11301,9444618,1971,1.0,1,850,4,5.0,62,1,0,0,0,0,0,0,0,Forest Hills,Central Queens,Queens
3656,9049,73478502,2995,2.0,2,1368,3,3.0,7,0,0,0,0,0,0,0,0,Astoria,Northwest Queens,Queens
3663,6899,57495619,1825,1.0,1,697,6,7.0,57,1,0,0,0,0,0,0,0,Rego Park,Central Queens,Queens
3676,5676,30171847,3325,1.0,1,859,2,6.0,8,0,1,1,1,1,0,0,1,Long Island City,Northwest Queens,Queens
3684,5430,49653888,2250,0.0,1,487,10,10.0,6,1,1,0,0,0,0,0,0,Astoria,Northwest Queens,Queens
3694,2375,66558397,2300,2.0,1,1050,6,1.0,91,0,0,0,0,0,0,0,0,Astoria,Northwest Queens,Queens
3702,431,90922450,2700,3.0,2,1100,16,2.0,126,0,0,0,0,0,0,0,0,Astoria,Northwest Queens,Queens
3706,8691,73494934,1250,0.0,1,395,4,2.0,65,0,0,0,0,0,0,0,0,Jamaica Estates,South Queens,Queens
3712,9919,87487057,2950,3.0,2,1413,2,5.0,68,0,0,0,0,0,0,0,0,Rego Park,Central Queens,Queens
3736,10239,67877448,2995,1.0,1,713,1,4.0,8,1,0,0,0,0,0,0,0,Long Island City,Northwest Queens,Queens
3744,7502,15728012,1950,1.0,1,480,10,3.0,1,1,0,0,0,0,0,0,0,Ridgewood,Central Queens,Queens
3748,6954,57495619,1700,0.0,1,566,6,12.0,57,1,0,0,0,0,0,0,0,Rego Park,Central Queens,Queens
3767,7760,49653888,3300,2.0,1,858,10,8.0,6,1,0,0,0,0,0,0,0,Astoria,Northwest Queens,Queens
3769,8815,73060494,3500,1.0,1,1000,9,7.0,3,1,0,0,0,0,0,0,0,Astoria,Northwest Queens,Queens
3800,5647,73060494,2570,1.0,1,625,9,4.0,3,1,0,0,0,0,0,0,0,Astoria,Northwest Queens,Queens
3810,2716,8217653,2595,1.0,1,841,8,3.0,56,1,0,1,1,1,0,0,0,Forest Hills,Central Queens,Queens
3831,1177,15672844,2400,1.0,1,720,2,3.0,6,0,0,0,0,0,0,0,0,Astoria,Northwest Queens,Queens
3841,10254,73060494,2600,1.0,1,610,9,6.0,3,1,0,0,0,0,0,0,0,Astoria,Northwest Queens,Queens
3844,5649,13753727,3225,1.0,1,629,6,14.0,0,1,0,0,0,0,0,0,0,Long Island City,Northwest Queens,Queens
3849,10725,97066273,3700,4.0,2,1000,1,3.0,86,0,0,0,0,0,0,0,0,Ridgewood,Central Queens,Queens
3857,5643,13753727,3175,1.0,1,627,6,13.0,0,1,0,0,0,0,0,0,0,Long Island City,Northwest Queens,Queens
3876,4803,90442014,4150,2.0,2,1200,8,3.0,10,0,0,0,0,0,0,0,0,Long Island City,Northwest Queens,Queens
3877,3784,25429759,2550,2.0,2,900,2,5.0,86,1,0,0,0,0,0,0,0,Ridgewood,Central Queens,Queens
3896,1978,49653888,3400,2.0,1,858,10,5.0,6,1,0,0,0,0,0,0,0,Astoria,Northwest Queens,Queens
3908,4508,24692593,6400,2.0,2,1500,10,14.0,8,1,1,0,0,0,0,0,0,Long Island City,Northwest Queens,Queens
3922,6330,61588338,2500,2.0,1,1000,18,2.0,27,1,0,0,0,0,0,0,0,Astoria,Northwest Queens,Queens
3925,6581,53208691,1585,1.0,1,700,4,1.0,85,0,0,0,0,0,0,0,0,Woodside,Central Queens,Queens
3935,1342,25429759,2600,2.0,2,800,2,1.0,86,1,0,0,0,0,0,0,0,Ridgewood,Central Queens,Queens
3940,5468,52956081,2450,2.0,1,900,2,3.0,88,0,0,0,0,0,0,0,0,Astoria,Northwest Queens,Queens
3949,4511,83371097,5057,2.0,2,1259,3,27.0,16,1,0,0,0,0,0,0,0,Long Island City,Northwest Queens,Queens
3969,7806,80485006,2100,1.0,1,650,4,2.0,7,0,0,0,0,0,0,0,0,Astoria,Northwest Queens,Queens
3976,7165,871368,1875,2.0,2,960,10,2.0,17,0,0,0,0,0,0,0,0,Kew Gardens,Northeast Queens,Queens
3987,7785,6744453,2650,3.0,1,900,6,2.0,91,0,0,0,0,0,0,0,0,Astoria,Northwest Queens,Queens
3995,7345,33994391,2700,1.0,1,690,3,23.0,20,1,0,0,0,0,0,0,0,Long Island City,Northwest Queens,Queens
3996,2859,5566203,1299,0.0,1,340,4,6.0,56,0,0,0,0,0,0,0,0,Briarwood,Northeast Queens,Queens
4020,3679,95366382,1800,2.0,1,920,5,4.0,62,0,0,0,0,0,0,0,0,Rego Park,Central Queens,Queens
4021,1857,53000616,2250,0.0,1,562,1,3.0,6,0,0,1,0,0,0,0,0,Long Island City,Northwest Queens,Queens
4024,4510,83371097,4707,2.0,2,1259,3,29.0,16,1,0,0,0,0,0,0,0,Long Island City,Northwest Queens,Queens
4038,8914,7557281,1800,2.0,1,1000,10,1.0,85,1,0,0,0,0,0,0,0,Ridgewood,Central Queens,Queens
4076,2385,10606754,2000,1.0,1,900,4,3.0,70,0,0,0,0,0,0,0,0,Rego Park,Central Queens,Queens
4095,4207,80112820,2250,2.0,1,1100,14,3.0,60,1,0,0,0,0,0,0,0,Flushing,Northeast Queens,Queens
4117,6935,83371097,3110,1.0,1,680,3,29.0,16,1,0,0,0,0,0,0,0,Long Island City,Northwest Queens,Queens
4125,4664,6532586,2300,1.0,1,950,3,3.0,85,1,0,0,0,0,0,0,0,Sunnyside,Northwest Queens,Queens
4127,5625,30171847,2950,1.0,1,757,2,2.0,8,0,0,0,0,0,0,0,0,Long Island City,Northwest Queens,Queens
4157,84,10606754,1625,0.0,1,500,4,3.0,70,0,0,0,0,0,0,0,0,Rego Park,Central Queens,Queens
4163,1091,31244061,3300,2.0,2,1100,3,9.0,6,0,0,0,0,0,0,0,0,Flushing,Northeast Queens,Queens
4165,2129,88539112,2800,1.0,1,908,1,22.0,25,0,0,0,0,0,0,0,0,Forest Hills,Central Queens,Queens
4182,8728,76260672,3095,2.0,2,1001,3,5.0,74,1,0,0,0,0,0,0,0,Sunnyside,Northwest Queens,Queens
4184,1671,4925025,1950,2.0,1,1000,5,18.0,56,0,0,0,1,0,0,0,0,Kew Gardens,Northeast Queens,Queens
4204,2476,49653888,2100,0.0,1,487,10,4.0,6,1,0,0,0,0,0,0,0,Astoria,Northwest Queens,Queens
4206,1441,33466417,2300,1.0,1,802,10,3.0,7,0,0,0,1,0,0,0,0,Kew Gardens,Northeast Queens,Queens
4207,10643,23856421,2125,2.0,1,750,8,2.0,87,0,0,0,0,0,0,0,0,Sunnyside,Northwest Queens,Queens
4228,10464,6842789,2895,3.0,1,1100,2,2.0,115,0,0,0,0,0,0,0,0,Long Island City,Northwest Queens,Queens
4235,6798,89178144,1975,1.0,1,720,5,5.0,64,1,0,0,0,0,0,0,0,Rego Park,Central Queens,Queens
4245,3268,43661513,2375,1.0,1,700,4,3.0,9,1,0,0,0,0,0,0,0,Astoria,Northwest Queens,Queens
4261,8932,22666785,1695,1.0,1,720,2,2.0,13,0,0,0,0,0,0,0,0,Forest Hills,Central Queens,Queens
4274,10913,48483787,2400,1.0,1,950,0,8.0,50,0,0,0,0,0,0,0,0,Forest Hills,Central Queens,Queens
4278,5477,4613152,2299,2.0,1,850,51,5.0,64,0,0,0,1,0,0,0,0,Oakland Gardens,Northeast Queens,Queens
4279,8326,39809462,1950,1.0,1,900,3,6.0,65,0,0,0,0,0,0,0,0,Jackson Heights,Central Queens,Queens
4300,7941,48995164,2975,2.0,2,1100,1,13.0,55,1,0,0,0,0,0,0,0,Rego Park,Central Queens,Queens
4307,4890,16233344,2600,1.0,1,950,3,6.0,88,1,0,0,0,0,0,0,0,Long Island City,Northwest Queens,Queens
4312,7305,98273937,2000,1.0,1,663,7,1.0,85,0,0,0,0,0,0,0,0,Astoria,Northwest Queens,Queens
4331,538,53000616,3950,2.0,2,1025,1,2.0,6,0,0,0,1,1,0,0,0,Long Island City,Northwest Queens,Queens
4348,6347,39665589,1650,0.0,1,550,5,3.0,52,0,0,0,0,0,0,0,0,Sunnyside,Northwest Queens,Queens
4401,5603,38819989,1995,2.0,1,800,7,3.0,22,0,0,0,0,0,0,0,0,Forest Hills,Central Queens,Queens
4402,10020,81008961,1550,1.0,1,700,4,4.0,21,0,0,0,0,0,0,0,0,Rego Park,Central Queens,Queens
4436,7689,50632671,1900,1.0,1,600,1,2.0,0,0,0,0,0,0,0,0,0,Rego Park,Central Queens,Queens
4440,6713,72882049,2150,1.0,1,800,3,4.0,13,1,0,0,0,0,0,0,0,Forest Hills,Central Queens,Queens
4451,2663,65341662,2200,1.0,1,700,16,3.0,9,0,0,0,1,0,0,0,0,Astoria,Northwest Queens,Queens
4473,5388,12075457,3500,4.0,3,1800,5,4.0,50,0,0,0,0,0,0,0,0,Forest Hills,Central Queens,Queens
4475,5702,13753727,3275,1.0,1,630,6,15.0,0,1,0,0,0,0,0,0,0,Long Island City,Northwest Queens,Queens
4492,8683,89449795,2600,2.0,1,1000,4,3.0,91,0,0,0,0,0,0,0,0,Astoria,Northwest Queens,Queens
4500,3966,77951267,2500,3.0,1,900,15,2.0,96,0,0,0,0,0,0,0,0,Jackson Heights,Central Queens,Queens
4502,9505,97910181,1750,1.0,1,850,7,2.0,61,0,0,0,0,0,0,0,0,Sunnyside,Northwest Queens,Queens
4510,8192,24218678,2700,2.0,1,800,8,1.0,86,0,0,0,0,0,0,0,0,Astoria,Northwest Queens,Queens
4514,10540,80312442,1585,1.0,1,750,2,2.0,90,0,0,0,0,0,0,0,0,Woodside,Central Queens,Queens
4551,10133,69857271,1425,0.0,1,540,4,5.0,81,0,1,0,0,0,1,1,0,Flushing,Northeast Queens,Queens
4569,4512,83371097,3229,1.0,1,702,3,20.0,16,1,0,0,0,0,0,0,0,Long Island City,Northwest Queens,Queens
4586,70,60867403,2800,1.0,1,665,1,7.0,0,1,0,0,0,0,0,0,0,Astoria,Northwest Queens,Queens
4587,6304,73060494,2545,1.0,1,655,9,3.0,3,1,0,0,0,0,0,0,0,Astoria,Northwest Queens,Queens
4595,8934,18205968,2550,2.0,1,950,2,3.0,88,0,0,0,0,0,0,0,0,Sunnyside,Northwest Queens,Queens
4609,2358,83371097,4750,2.0,2,1120,3,8.0,16,1,0,0,0,0,0,0,0,Long Island City,Northwest Queens,Queens
4634,10618,52644037,2000,1.0,1,700,3,1.0,8,0,0,0,0,0,0,0,0,Astoria,Northwest Queens,Queens
4638,6328,70223316,1999,2.0,1,1000,1,1.0,65,0,0,0,0,0,0,0,0,Forest Hills,Central Queens,Queens
4657,9562,86067161,1895,2.0,2,700,8,3.0,85,0,0,0,0,0,0,0,0,Astoria,Northwest Queens,Queens
4669,2278,67572187,1650,0.0,1,532,3,1.0,66,1,0,0,0,0,0,0,0,Rego Park,Central Queens,Queens
4685,2143,40496208,2050,1.0,1,800,4,1.0,56,0,0,0,1,1,0,0,0,Astoria,Northwest Queens,Queens
4686,6064,39133125,4350,2.0,2,1134,2,11.0,4,1,1,0,1,1,1,0,1,Long Island City,Northwest Queens,Queens
4692,9581,99108505,1345,0.0,1,1000,2,2.0,51,0,0,0,0,0,0,0,0,Elmhurst,Central Queens,Queens
4717,3232,13753727,5125,3.0,2,1023,6,15.0,0,1,0,0,0,0,0,0,0,Long Island City,Northwest Queens,Queens
4720,2133,88539112,2900,1.0,1,914,1,5.0,25,0,0,0,0,0,0,0,0,Forest Hills,Central Queens,Queens
4725,6770,86067161,1895,2.0,2,700,8,3.0,85,0,0,0,0,0,0,0,0,Astoria,Northwest Queens,Queens
4726,1286,25429759,3700,3.0,2,1100,2,4.0,86,1,0,0,0,0,0,0,0,Ridgewood,Central Queens,Queens
4729,3504,48995164,1845,0.0,1,504,1,10.0,55,1,0,0,0,0,0,0,0,Rego Park,Central Queens,Queens
4730,4809,92277741,3000,3.0,1,1200,16,1.0,75,1,0,0,0,0,0,0,0,Astoria,Northwest Queens,Queens
4737,5812,50518851,1800,1.0,1,700,7,9.0,89,0,0,0,0,0,0,0,0,Kew Gardens,Northeast Queens,Queens
4756,8752,75883686,1800,1.0,1,950,4,5.0,75,0,0,0,0,0,0,0,0,Forest Hills,Central Queens,Queens
4762,6575,49653888,3300,2.0,1,858,10,7.0,6,1,0,0,0,0,0,0,0,Astoria,Northwest Queens,Queens
4764,8319,41429935,1950,1.0,1,740,4,6.0,80,0,0,0,0,0,0,0,0,Sunnyside,Northwest Queens,Queens
4775,9309,5912388,3700,2.0,2,1275,1,8.0,11,0,0,0,0,0,0,0,0,Forest Hills,Central Queens,Queens
4795,4973,23781472,2350,1.0,1,882,11,3.0,8,0,1,0,1,1,0,0,1,Astoria,Northwest Queens,Queens
4806,6804,42057488,1795,1.0,1,550,12,6.0,49,1,0,0,0,0,0,0,0,Flushing,Northeast Queens,Queens
4838,10897,41696589,1875,2.0,1,1050,8,6.0,67,0,0,0,0,0,0,0,0,Rego Park,Central Queens,Queens
4844,5884,55659469,3050,1.0,1,700,5,3.0,0,1,0,0,0,0,0,0,0,Long Island City,Northwest Queens,Queens
4875,6572,49653888,2625,1.0,1,673,10,13.0,6,1,0,0,0,0,0,0,0,Astoria,Northwest Queens,Queens
4876,8324,66802619,1600,1.0,1,820,2,4.0,85,0,0,1,1,0,0,0,0,Sunnyside,Northwest Queens,Queens
4879,9466,41000851,2950,2.0,2,761,17,16.0,27,0,0,0,0,0,0,0,0,Astoria,Northwest Queens,Queens
4896,3251,13753727,5300,3.0,2,1023,6,20.0,0,1,0,0,0,0,0,0,0,Long Island City,Northwest Queens,Queens
4901,1845,80967482,3500,1.0,1,753,1,3.0,85,1,0,0,0,0,0,0,0,Long Island City,Northwest Queens,Queens
4921,7468,69072549,2350,2.0,1,850,10,3.0,85,0,0,0,0,0,0,0,0,Sunnyside,Northwest Queens,Queens
4926,5587,39133125,4850,2.0,2,1140,2,9.0,4,1,0,1,0,1,1,0,1,Long Island City,Northwest Queens,Queens
4932,471,77099591,2650,1.0,1,650,6,21.0,1,1,0,0,0,0,0,0,0,Rego Park,Central Queens,Queens
4934,9478,64149510,2200,3.0,1,1000,2,3.0,88,0,0,0,0,0,0,0,0,Astoria,Northwest Queens,Queens
4940,6760,49653888,3750,2.0,0,1047,10,13.0,6,1,0,0,0,0,0,0,0,Astoria,Northwest Queens,Queens
4949,1614,67485886,2950,2.0,2,1038,10,5.0,5,0,0,0,0,0,0,0,0,Astoria,Northwest Queens,Queens
4976,11245,9444618,2200,1.0,1,850,4,3.0,62,1,0,0,0,0,0,0,0,Forest Hills,Central Queens,Queens
4988,6070,80112820,2250,2.0,1,1100,14,5.0,60,1,0,0,0,0,0,0,0,Flushing,Northeast Queens,Queens
4995,1964,73060494,2650,1.0,1,686,9,4.0,3,1,0,0,0,0,0,0,0,Astoria,Northwest Queens,Queens
